{
    "face": [
        [
            0.13333333333333333,
            0.2549019607843137,
            0.27058823529411763,
            0.24705882352941178,
            0.13333333333333333,
            0.28627450980392155,
            0.5333333333333333,
            0.22745098039215686,
            0.5490196078431373
        ]
    ],
    "screen": [
        [
            0.10196078431372549,
            0.3333333333333333,
            0.3686274509803922,
            0.5098039215686274,
            0.10196078431372549,
            0.3843137254901961,
            0.48627450980392156,
            0.27058823529411763,
            0.5568627450980392
        ]
    ]
}