{
    "face": [
        0.009867425813716945,
        0.035100270089952014,
        0.03891435476146274,
        0.06417738163491551,
        0.08074990644905762,
        0.06411789126085994,
        0.0701013246601192,
        0.084174994159104,
        0.08579641606296858,
        0.10196440549508916,
        0.08493391603301281,
        0.10177098163916408,
        0.10880929752933127,
        0.11698992418293547,
        0.11349676863907752,
        0.10740745093677094,
        0.10564980335772689,
        0.0906161496635078,
        0.08490838868437911,
        0.08468820408833311,
        0.08518295642306065,
        0.07924552830357183,
        0.07499500417943555,
        0.07703781145539017,
        0.06424969468104795,
        0.0592151091319649,
        0.056968962126688685,
        0.046900832790292835,
        0.04913788626053582,
        0.035310501230460915,
        0.03181070578849591
    ],
    "screen": [
        0.004103897638356294,
        0.023440646491706935,
        0.0029147611739631326,
        0.007643148571735657,
        0.03352505533897068,
        0.026014089401323076,
        0.03102640955368431,
        0.04243576010962675,
        0.033032579253557265,
        0.032091751076835734,
        0.010169576282467648,
        0.02856032699191927,
        0.025889164940106502,
        0.02066266376640762,
        0.014597106442311244,
        0.007385493694612399,
        -0.00512661457601454,
        -0.010893244308256816,
        -0.003716484757067995,
        0.010645579575583484,
        0.021256321301367703,
        0.02410380564059768,
        0.028456313598555678,
        0.04387206783802501,
        0.03120717584890253,
        0.030075058223545555,
        0.028229600519410963,
        0.023643998678140307,
        0.030964254766050414,
        0.014921143978027473,
        0.01868281558138278
    ]
}